x,y,z
2.037877402469573038e-02,1.297241439511723327e+00,1.995832547209534846e+00
2.032860631542071639e-02,1.296727821564444882e+00,1.995912938244938317e+00
2.018258346972007233e-02,1.296344364690132256e+00,1.995855520797801264e+00
2.024901010758138609e-02,1.296049374863575299e+00,1.996017805918578469e+00
1.990994497294956700e-02,1.295701286506233618e+00,1.995994874755484094e+00
1.990360775439892205e-02,1.295669514030991065e+00,1.995917881146220818e+00
1.971051574020431241e-02,1.294782616753619608e+00,1.996184404404798052e+00
1.999781079467750911e-02,1.293825107524993578e+00,1.996150819507106933e+00
2.001543304946235696e-02,1.292788613502205974e+00,1.996313639790065375e+00
2.020926574564056027e-02,1.291884680173510658e+00,1.996352762163299932e+00
2.029458037396397740e-02,1.290730692661655299e+00,1.996169303293423569e+00
2.063029264949960140e-02,1.289323667134861795e+00,1.995962363123263472e+00
2.094302262651264596e-02,1.287901194763933166e+00,1.995769368980803149e+00
2.099517045898238732e-02,1.286126721215872681e+00,1.995886485344593897e+00
2.123246208709586580e-02,1.284093307379723381e+00,1.995833725758048960e+00
2.133201590528326780e-02,1.282072828481900073e+00,1.995782314901388466e+00
2.163214570748471510e-02,1.279708927561155507e+00,1.996017705627684879e+00
2.190095622119384716e-02,1.276575576470092566e+00,1.996389024226838060e+00
2.224632236662805324e-02,1.273399387955628459e+00,1.996718136257716214e+00
2.250191292086427958e-02,1.270260035460597958e+00,1.996689128683887926e+00
2.278737355559546512e-02,1.266923520047553708e+00,1.996734377415966488e+00
2.298806268183630624e-02,1.263211204691263356e+00,1.997096561699670092e+00
2.318590877167233527e-02,1.258834889831161874e+00,1.997886182430593571e+00
2.310424790834286063e-02,1.253895384390987022e+00,1.998839780433997015e+00
2.338774551697679616e-02,1.248730152544351935e+00,1.999376724238421721e+00
2.327690809588575660e-02,1.241702745132838182e+00,2.002076258454792868e+00
2.349844752155007266e-02,1.220669166970641983e+00,2.004955913957334968e+00
2.386835481918728186e-02,1.213127497255884313e+00,2.004811921578678824e+00
2.417293996367007175e-02,1.196357997561855013e+00,2.006210591759168604e+00
2.362537972870307895e-02,1.186545763938446685e+00,2.008535308709415546e+00
2.330111134185048477e-02,1.146416590970515959e+00,2.012787468978816552e+00
2.325392982371922379e+00,6.211932480406382462e-01,6.183322577631293893e-01
2.268661660898189325e+00,6.576139897756847486e-01,5.950829564566024743e-01
-8.102840622016000971e-01,1.303907183635882872e-01,-2.559344372285526914e-02
-8.064072870779763758e-01,1.368778149613472106e-01,-2.302072832555535076e-02
-8.008535619032586261e-01,1.431785459762198176e-01,-2.025561976890088989e-02
-7.957684674985106010e-01,1.486603206245992181e-01,-1.852467953908304432e-02
-7.932676167812919843e-01,1.515248144842110123e-01,-1.843817810785292055e-02
-7.931105801793922883e-01,1.576907984515082961e-01,-1.837185128447099691e-02
-7.956445773689384549e-01,1.629504304475464516e-01,-1.896708891695086940e-02
-7.946082159723804050e-01,1.690550895699525769e-01,-1.840561672001100879e-02
-7.928022474410585385e-01,1.733432642452534256e-01,-1.795637617080247939e-02
-7.924579496432773151e-01,1.798107302199770940e-01,-1.772015236756840917e-02
-7.917667292848569183e-01,1.870062464471084207e-01,-1.720758316761145101e-02
-7.903660627054467369e-01,1.925907678920917021e-01,-1.610438767712463193e-02
-7.938467518079268537e-01,1.985020001176988624e-01,-1.730374207249896212e-02
-8.106477102514182409e-01,2.005102146450193357e-01,-2.388921536719240679e-02
-8.326840363725995786e-01,2.366648775001443106e-01,-3.011982908016763716e-02
-8.466033656147335940e-01,2.445456596932748528e-01,-3.556778625908507685e-02
4.028935718789455889e-02,5.540686092735294110e-01,2.025284563261997572e-02
-8.270231361699702521e-01,3.465909273800818480e-01,-2.341241648257641472e-02
4.082015850478903918e-02,5.594654751827996542e-01,2.289349060541517877e-02
-8.146936165996565560e-01,3.681574768286492438e-01,-1.631259210063701337e-02
-8.189824200180122471e-01,3.792008468776824626e-01,-1.781151845126000000e-02
2.289423719123956369e-02,5.703408444807641642e-01,1.420962602556066767e-02
2.057644399987557104e-02,5.718885882518982555e-01,1.407297804883961279e-02
1.696333597910293367e-02,5.729161278130917578e-01,1.337337541770572402e-02
1.161922765656187018e-02,5.762788140960699579e-01,1.072046784039348832e-02
2.071230509452792745e-04,5.760144979041192936e-01,4.928087623814442209e-03
-1.959639696719056579e-02,5.754348043603263463e-01,-6.156636899338124858e-03
-1.829200574991207695e-02,5.825331394022289500e-01,-3.828632441909396444e-03
-1.934061606779524656e-02,5.823751538787349524e-01,-4.012937085182133323e-03
-4.507853403196522279e-01,7.068906216570495227e-01,-1.049828492939858388e-01
-4.282896588595583309e-01,7.194049429333029266e-01,-9.706872682630036941e-02
6.459666099164478315e-01,7.411253726010671450e-01,8.058306945080813410e-02
-4.321888170708703680e-01,7.307694287440883452e-01,-9.899216896987085568e-02
-4.273688586623489161e-01,7.343480191373982224e-01,-9.669231923920627858e-02
-4.373188812572836315e-01,7.393889654283332113e-01,-1.021916282533479881e-01
-4.371589940665825402e-01,7.410830366895959642e-01,-9.980232842240556457e-02
-4.284530410441020898e-01,7.440010319167703612e-01,-9.528303527389618555e-02
-4.269211435172528546e-01,7.448192159112486666e-01,-9.394829760121826967e-02
-4.270312319213096508e-01,7.481942349302731499e-01,-9.363359041310613529e-02
-4.291662587714584753e-01,7.509051600449089259e-01,-9.417226886654199436e-02
-4.321484086346825682e-01,7.530289237557440396e-01,-9.620307985649360905e-02
-4.342366239968635799e-01,7.574254640923205883e-01,-9.710097375609645642e-02
-4.369584786401445875e-01,7.584768042850692504e-01,-9.755428432504376079e-02
-4.362624530727751693e-01,7.606207980062901219e-01,-9.640872180108157885e-02
-4.381130238305810387e-01,7.628074367003034872e-01,-9.573057306814181100e-02
-4.398625467918231280e-01,7.644013859975758995e-01,-9.615694137654723361e-02
-4.423300897885720229e-01,7.666097021176313531e-01,-9.732290156471785914e-02
-4.450254009804491262e-01,7.681921369998203630e-01,-9.816873206839860089e-02
-4.463945343982440583e-01,7.701637597322711359e-01,-9.765073535554934236e-02
-4.489467177432944767e-01,7.717956736330281453e-01,-9.721940354586161570e-02
-4.510419479622297945e-01,7.735231937321361828e-01,-9.785708992558950214e-02
-4.526480050015675993e-01,7.762179916336610086e-01,-9.782822695054338435e-02
5.773077706389625474e-01,7.404246204355597882e-01,6.488338144135469276e-02
-4.548957278359970768e-01,7.799238072780054765e-01,-9.742977713839577614e-02
-4.553902141632138467e-01,7.799037986362625796e-01,-9.757491679853297351e-02
-4.575371680005076436e-01,7.814725759135319194e-01,-9.781971414699879019e-02
-4.590522875400657732e-01,7.832198600975744940e-01,-9.768179692640062417e-02
-4.610388887213384135e-01,7.844845732145483419e-01,-9.800243129834507183e-02
-4.626736578009095768e-01,7.851354524526407141e-01,-9.823753083545190556e-02
-4.650578326611743418e-01,7.867148514877353449e-01,-9.892225822048074380e-02
-4.657013058647169745e-01,7.871231530964456491e-01,-9.825552946018357992e-02
-4.669073694379805572e-01,7.885942932279036421e-01,-9.863110179388608068e-02
-4.677694254806222252e-01,7.897902479818710297e-01,-9.888059651609047707e-02
-4.694596644487629700e-01,7.901474813387853180e-01,-9.938283265747595296e-02
-4.698107568653278610e-01,7.936904694083276590e-01,-9.877332594446318337e-02
-4.706358319799943124e-01,7.935162600889950069e-01,-9.898357310443745005e-02
-4.714720613091139545e-01,7.947058209245877469e-01,-9.890533316997855706e-02
-4.721600730346049990e-01,7.959703020361345027e-01,-9.907000753525595227e-02
-4.726407009829646788e-01,7.951088624624246259e-01,-9.889851049258598092e-02
-4.736938153747402569e-01,7.975255778565144560e-01,-9.865511447870949080e-02
-4.741008300173357171e-01,7.988256205161893275e-01,-9.850694636224138767e-02
-4.758723659398187977e-01,7.999042849730262361e-01,-9.866397710869534432e-02
-4.771139931090018771e-01,8.004868347514243476e-01,-9.816288986297916352e-02
-4.776244163598110659e-01,8.016493946852207841e-01,-9.844420239532002126e-02
-4.789178776076812860e-01,8.024486202983757144e-01,-9.801581246289402249e-02
-4.797919667242782626e-01,8.032567112359810801e-01,-9.794777515727531858e-02
-4.808360939915369836e-01,8.034476188916247485e-01,-9.809315838623171302e-02
-4.814649107083339707e-01,8.052195665175950756e-01,-9.796371925070335163e-02
-4.828096068530958740e-01,8.065035912965080600e-01,-9.796989133582804932e-02
-4.842796295968933573e-01,8.073068689623225103e-01,-9.796310971019757396e-02
-4.862955356886273783e-01,8.084124996962304133e-01,-9.833816970506603639e-02
-4.882159676616050770e-01,8.088411010257169353e-01,-9.795706408894398753e-02
-4.904816849440889470e-01,8.102046436676104690e-01,-9.775340134855499408e-02
-4.928320903268012532e-01,8.104725422110442556e-01,-9.733290372623944198e-02
-4.941773487335482939e-01,8.115576418791895508e-01,-9.721264966577503053e-02
-4.965413083005834061e-01,8.126504091128404772e-01,-9.708428758894797894e-02
-4.996688900144761747e-01,8.127974450887321956e-01,-9.703764823313150434e-02
-5.028441644767130958e-01,8.135770200626047943e-01,-9.732808417718720462e-02
-5.056098794070881253e-01,8.165559500331996956e-01,-9.758515856780243525e-02
-5.084414187870833768e-01,8.171388436628630458e-01,-9.774392322966690694e-02
-5.111647488592326871e-01,8.190649590364014188e-01,-9.754014144483984239e-02
-5.125652320807995155e-01,8.195911734770463530e-01,-9.721777769452942530e-02
-5.160693979870557557e-01,8.208443546710447736e-01,-9.687742473789530406e-02
-5.185743074948078180e-01,8.212105474963161678e-01,-9.739182525635615983e-02
-5.208902341825039084e-01,8.222908827760276873e-01,-9.676985385365237391e-02
4.975528418527925822e-01,7.410300021943250215e-01,6.242665479923964478e-02
-5.247018049492063740e-01,8.258505769599318036e-01,-9.494873090952916928e-02
-5.259482939720802053e-01,8.256743104182598936e-01,-9.409195599101673191e-02
-5.270839358489377569e-01,8.272202433795511345e-01,-9.375723501756318135e-02
-5.287984509378312881e-01,8.272267553226001491e-01,-9.300500436398172199e-02
-5.303597217948320397e-01,8.284167405502191883e-01,-9.314269888958896793e-02
-5.326533328704544656e-01,8.297596188706731768e-01,-9.323534229342896051e-02
-5.335625498640915731e-01,8.314410335394989415e-01,-9.263324589786246788e-02
-5.346573780716248336e-01,8.315202701855923806e-01,-9.232223793050399474e-02
-5.357866498305363656e-01,8.335935219304978494e-01,-9.223797080040496699e-02
-5.361091813074732038e-01,8.349331854297527000e-01,-9.157699099010156718e-02
-5.373708950068250001e-01,8.365939648005289442e-01,-9.120583677017608804e-02
-5.385497454442981224e-01,8.379267835010720811e-01,-9.089265384852780738e-02
-5.386284539730334942e-01,8.386193341260715917e-01,-9.039599017190665109e-02
-5.389453670135663232e-01,8.406013180314541033e-01,-8.969255370831159813e-02
-5.396574833033747076e-01,8.421456495016942378e-01,-8.970363909791728707e-02
-5.398824180038040987e-01,8.430664509487378888e-01,-8.907380150377475214e-02
-5.398439170688432709e-01,8.458490302300095687e-01,-8.846604312232607403e-02
-5.399428159479496836e-01,8.479387053837781352e-01,-8.803536775686339466e-02
-5.401353256772457589e-01,8.493180392794478228e-01,-8.751348794091053096e-02
-5.407702284191194808e-01,8.506104503274566353e-01,-8.719349286779730368e-02
-5.403558869345186366e-01,8.534832065528995537e-01,-8.680866427205585767e-02
4.657348980343349876e-01,7.513363283523407654e-01,7.149880916136341913e-02
-5.433187753055257474e-01,8.589088975472695120e-01,-8.635375991171166665e-02
-5.453939345734296618e-01,8.615138133336844861e-01,-8.594182378031051117e-02
-5.462956423759658398e-01,8.639844305111766820e-01,-8.526600712478003830e-02
-5.477461049620228062e-01,8.678654960056394474e-01,-8.441461406749302399e-02
4.544436112074980438e-01,7.550264533798932698e-01,7.361153529459830980e-02
4.509602313751135960e-01,7.551653164229704673e-01,7.433740600248948949e-02
5.197832450792533310e-01,6.721752894186253657e-01,1.296001843661787611e-01
-5.592709884401481091e-01,8.828565895907712902e-01,-8.281980773652670991e-02
-5.667136444736663448e-01,8.882629026439987641e-01,-8.471668114298480656e-02
1.552970821672771562e+00,5.201161293148152120e-01,3.051472210316256706e-01
5.144996769621493771e-01,6.717577238725186417e-01,1.367964587972528567e-01
-5.930929670565049383e-01,9.132473369595833779e-01,-8.840807966003122464e-02
4.197437051044377587e-01,7.648269081903341648e-01,7.535719848821027800e-02
-6.011031861649461794e-01,9.312467305313862909e-01,-8.586805638589668777e-02
4.987590700162651269e-01,6.678647264254061744e-01,1.409331096975874609e-01
1.517047349867292283e+00,4.899744526352638463e-01,3.085068988025103653e-01
1.513697025188019296e+00,4.805021167883088418e-01,3.086248264019961218e-01
1.526283577968909455e+00,4.599810884490891927e-01,3.183456689181945465e-01
1.529016850845255737e+00,4.483726675311476839e-01,3.245478084470688196e-01
1.522379383900572813e+00,4.343206480970162597e-01,3.253639397172736203e-01
1.501543291534313873e+00,4.317751242873795192e-01,3.211903152502206260e-01
1.490802971170190672e+00,4.264224506064271947e-01,3.190133320950774287e-01
1.482459944791686413e+00,4.198095860393784573e-01,3.189442125003711936e-01
1.476149794429221673e+00,4.081035262715366763e-01,3.195600315720841245e-01
2.437174203294343755e+00,-2.636085998346685555e-01,6.607893115066557632e-01
2.323279418341757108e+00,4.217515314130965143e-01,1.294868905088775168e+00
2.317148075588128187e+00,4.130627079067553109e-01,1.294450467282857398e+00
2.307216998672994013e+00,4.056241363838926084e-01,1.295381790016607360e+00
2.299806480447405210e+00,3.947669242994942262e-01,1.294664274859566033e+00
2.295287937340698026e+00,3.861527702486189373e-01,1.292869813356718689e+00
2.288911411767203141e+00,3.779795641312563292e-01,1.293145679189620756e+00
2.277265498385879550e+00,3.773781288088327024e-01,1.297196163339179087e+00
2.265630188390060251e+00,3.742961942667212272e-01,1.300218144919409458e+00
2.258064193305973966e+00,3.692938344984906807e-01,1.301348635318543501e+00
2.250520189219865408e+00,3.638577434492992202e-01,1.302506155562325629e+00
2.244457983063321116e+00,3.595642959588179477e-01,1.303507812541382371e+00
2.238047647452507061e+00,3.549739510415692578e-01,1.304719049537803155e+00
2.230391258612463901e+00,3.512758739390763330e-01,1.306375890345496504e+00
2.221323303537679372e+00,3.498090133873543728e-01,1.309082661008579285e+00
2.213489204000572030e+00,3.481139675848236026e-01,1.311181122043046265e+00
2.207077493235221510e+00,3.459644122844204306e-01,1.312786144167349622e+00
2.200668277485687163e+00,3.421582442576634464e-01,1.314344590128279755e+00
2.194646174931115024e+00,3.385909855720116712e-01,1.315605913839532404e+00
2.189402776090974445e+00,3.350726965689002079e-01,1.316534512910414900e+00
2.184100534007688221e+00,3.315212429237784919e-01,1.317574598894649895e+00
2.179780928120310435e+00,3.280488364396105250e-01,1.318165228668519706e+00
2.174350286627257045e+00,3.233665849053850572e-01,1.318965024234831640e+00
2.170247955694568631e+00,3.190239769397373304e-01,1.319304461703765252e+00
2.166198020685314862e+00,3.148730619785446994e-01,1.319689182249328852e+00
2.163335154174264030e+00,3.099645513829704657e-01,1.319601569584967438e+00
2.159897597083517251e+00,3.051075934630142483e-01,1.319642111107830251e+00
2.154353534858918451e+00,3.039335342614047919e-01,1.320985515548511069e+00
2.150214972115337630e+00,3.006870073226262652e-01,1.321488352341224637e+00
2.146681632398843576e+00,2.972941145015327580e-01,1.321659973229662777e+00
2.142871345438441377e+00,2.941229815827426375e-01,1.322102139409047972e+00
2.139271093863994722e+00,2.902405054046357513e-01,1.322355711087435992e+00
2.135996979710627297e+00,2.872200014729229256e-01,1.322540371623003308e+00
2.132094788710926725e+00,2.832428364120668229e-01,1.322736293243326644e+00
2.127806946198139926e+00,2.810369189202068241e-01,1.323351786150422260e+00
2.123270100210754574e+00,2.784286936132567281e-01,1.324031407551217843e+00
2.120231946032745007e+00,2.759036408635419102e-01,1.323957711685973315e+00
2.116807762139285565e+00,2.725015146673741562e-01,1.323922643291082446e+00
2.112224013210488138e+00,2.689155746404466862e-01,1.324441182346950630e+00
2.107175995758145959e+00,2.650637681516089250e-01,1.324419827768932967e+00
2.102693331043175018e+00,2.609832821515283285e-01,1.324390583408560307e+00
2.098896448179047969e+00,2.579562701652716727e-01,1.324663074067640611e+00
2.094345168726775785e+00,2.539893302340197057e-01,1.324896308790624921e+00
2.090855491798842891e+00,2.495071166794327056e-01,1.324464668676784473e+00
2.087867416307001456e+00,2.393631551918128375e-01,1.323532234113346195e+00
2.088822323709542239e+00,2.379517995203553338e-01,1.323991724266107450e+00
2.084637797194407227e+00,2.322100357036533391e-01,1.323534735904591253e+00
2.076697203746744158e+00,2.191832976139171940e-01,1.322236425307846686e+00
2.069628109503844016e+00,2.099081966509832586e-01,1.321461437903312275e+00
2.063323759371750832e+00,2.054183883099230945e-01,1.322013031101363367e+00
2.058434730648955213e+00,2.035706829710166588e-01,1.323154452092137001e+00
2.052471963816260736e+00,1.973773961126357168e-01,1.323298909807966828e+00
2.045711130737241312e+00,1.884124861751548252e-01,1.322873678074748982e+00
2.037356141988788671e+00,1.790394362092933012e-01,1.323016931745959690e+00
2.036597876348555936e+00,1.684706887611771009e-01,1.321319098722399055e+00
2.028999098469461693e+00,1.634627684966735162e-01,1.321721873176497031e+00
2.021224316054983206e+00,1.563196428870547994e-01,1.322370913984270091e+00
2.014727459842102331e+00,1.495684902685709972e-01,1.322595852827788132e+00
2.008045852207226645e+00,1.437025200887968035e-01,1.322694268704671217e+00
2.001034704246079876e+00,1.367859936235835683e-01,1.322594671584395254e+00
1.993097459723369713e+00,1.305365049696429747e-01,1.323273595908991629e+00
1.986314573359356350e+00,1.258544554716345409e-01,1.323720345603039750e+00
1.980623667544084032e+00,1.229552092406946961e-01,1.324274333590130803e+00
1.974504909710064648e+00,1.190010804281840251e-01,1.324826194480871688e+00
1.970766047588985215e+00,1.158584885442582868e-01,1.324574140515931475e+00
1.969885306101670785e+00,1.160662303701843756e-01,1.324394992384144487e+00
1.965345970307729395e+00,1.136570530959044589e-01,1.324464842322559344e+00
1.958964009456771516e+00,1.104865492735095378e-01,1.324750432866785843e+00
1.952304325862154855e+00,1.068778839929644953e-01,1.324965679025374321e+00
1.946371167493726073e+00,1.034704784503375219e-01,1.325252046186025323e+00
1.940576983513235376e+00,9.952713884437836001e-02,1.325087480023237729e+00
1.934887385044861352e+00,9.561399509841406186e-02,1.325050465683362377e+00
1.928978745228270286e+00,9.197051674357448192e-02,1.325038850279084190e+00
1.923227134304977826e+00,8.855352732642107760e-02,1.324995969719607869e+00
1.916877968805745347e+00,8.526321411463455568e-02,1.324804867560064547e+00
1.913879553417025203e+00,8.123499311858395355e-02,1.323630723125482689e+00
1.913336247600617934e+00,7.655595414084437333e-02,1.322025400589412980e+00
1.912634904207683118e+00,6.876166629514546269e-02,1.319290295506447608e+00
1.909597040118468758e+00,6.380782614317093149e-02,1.317771417098577036e+00
1.897422969400553772e+00,6.414467770451581785e-02,1.319058118546940328e+00
1.881669191933667662e+00,6.717491339127867889e-02,1.321778482294530876e+00
1.868970137863722680e+00,6.823322278017240894e-02,1.323446502919644274e+00
1.869373962774621090e+00,5.929078880809179886e-02,1.319712145268075787e+00
1.855739858962759836e+00,6.272302125831707986e-02,1.322378113046742465e+00
1.846234063499544220e+00,6.221730034333250448e-02,1.323050566628872549e+00
1.839980700096179422e+00,5.867950093187912497e-02,1.322313380723561638e+00
1.833757216612316387e+00,5.493494719097924417e-02,1.321686073156084662e+00
1.826925899389357788e+00,5.144797737787643044e-02,1.321336281733152207e+00
1.819860520273295368e+00,4.811272045363379490e-02,1.321004945821517618e+00
1.813546985267790346e+00,4.558227277788184928e-02,1.320846859536400020e+00
1.806761196081699827e+00,4.301811328600391171e-02,1.320863079057256861e+00
1.799609990621908739e+00,3.998381229275937976e-02,1.320745856286577036e+00
1.794524759233463662e+00,3.531024720845366005e-02,1.319924798688263623e+00
1.788366896827271013e+00,3.176958315516031917e-02,1.319304248698027981e+00
1.781342177231139745e+00,2.907929017385102455e-02,1.319234608513896179e+00
1.774246155862295060e+00,2.662677128380441793e-02,1.319222468833346484e+00
1.766931871722298375e+00,2.488568876304131372e-02,1.319194583146769961e+00
1.759656133641525511e+00,2.403004863380520106e-02,1.319645863543812192e+00
1.753539995760839076e+00,2.064246900614441493e-02,1.319051223529998706e+00
1.754443773083724345e+00,6.256563734694742251e-03,1.312978466993149906e+00
1.750080443989284973e+00,5.645140998060682591e-04,1.310764595073534489e+00
1.741621527119331825e+00,-4.557662335763046357e-03,1.309997527214026292e+00
1.731023114726630840e+00,-6.156588663816964235e-03,1.310663633625797964e+00
1.720619014086805620e+00,-8.526878431258433366e-03,1.310807611241782356e+00
1.711197020636767485e+00,-1.188046979565449135e-02,1.310298896572329230e+00
1.701964110058028501e+00,-1.658048086204633176e-02,1.309148115973987503e+00
1.694230148744266362e+00,-2.890238544891343686e-02,1.305838155731589234e+00
1.902943868705059272e+00,4.753731554428655137e-01,1.782291816990843492e+00
1.898279053936884120e+00,4.677245118782846212e-01,1.783503780602756716e+00
1.264807186915869686e+00,-8.207459405658096285e-02,2.026741745513804371e+00
1.892466533247441962e+00,4.516314907526686739e-01,1.783956740951122333e+00
1.889174370202471476e+00,4.461691264673506296e-01,1.784052144231220494e+00
1.886776532919973715e+00,4.403505740740155106e-01,1.783114402824849787e+00
1.882628273619509685e+00,4.345535689609190122e-01,1.784165961129705824e+00
1.879154940070256519e+00,4.294315848133568037e-01,1.783858484317091264e+00
1.875931581883638177e+00,4.251110146844882531e-01,1.783349537754231218e+00
1.870704330583897956e+00,4.217003018287706628e-01,1.783594803634208414e+00
1.597318821336545014e+00,-1.647368969269669137e-02,1.308884796775211079e+00
1.868617159880898937e+00,4.148160510562939884e-01,1.779511917827043099e+00
1.583358731016466070e+00,-1.541623050124718564e-02,1.307115284498204355e+00
1.863290882574083929e+00,4.033570709178156966e-01,1.777493179427651171e+00
1.861550347371539349e+00,4.005242928523002899e-01,1.776423624143645963e+00
2.185270479947855282e+00,4.947300338021736743e-01,1.748836344820539734e+00
2.183393079609125209e+00,4.849677887843225066e-01,1.751270832116361476e+00
2.184482953551535989e+00,4.773168535720807015e-01,1.750332167117145010e+00
2.184900776006414969e+00,4.717604544412155043e-01,1.748540104994394495e+00
2.184299605655489973e+00,4.655179243110268428e-01,1.746837249734374709e+00
2.183956057863724709e+00,4.591104040299248124e-01,1.746095374487238727e+00
2.183082536139504537e+00,4.515631999729445289e-01,1.746224422196189119e+00
2.181430768710830304e+00,4.440593851715131657e-01,1.748167189786383746e+00
2.182550807359514344e+00,4.350067878744265926e-01,1.748599072028490964e+00
2.184013863082874263e+00,4.294866367708995991e-01,1.747340635984390600e+00
2.185445218860960548e+00,4.244803864325666365e-01,1.745924269334975243e+00
2.187102495862483398e+00,4.227851243111040991e-01,1.743215435835368199e+00
2.187578981200710704e+00,4.163459195197432017e-01,1.743073240509727784e+00
2.189308744009778263e+00,4.088601262378520063e-01,1.743279913864609787e+00
2.190510029711034701e+00,4.060122316563150591e-01,1.740615289144231470e+00
2.192237278704137982e+00,4.023077684616574445e-01,1.739315654877780837e+00
2.198284809513395555e+00,4.016906112753945712e-01,1.732745037336347993e+00
2.199103730239014620e+00,3.970551721743389439e-01,1.732616249036848410e+00
2.195810137948518204e+00,3.888470506127920667e-01,1.736376170523537432e+00
2.198337236324142463e+00,3.840838123935387816e-01,1.737071800060435933e+00
2.201022713033876865e+00,3.825589432087233011e-01,1.733427622902273590e+00
2.203100702558534518e+00,3.784009351497220064e-01,1.732600896550474445e+00
2.203904120213872719e+00,3.758467178328344649e-01,1.732048165103782011e+00
2.205935421906584093e+00,3.724494039163079862e-01,1.731501407609099097e+00
2.208226669130052056e+00,3.696478508519963069e-01,1.730081535304523799e+00
2.210193158091598331e+00,3.679230622475018753e-01,1.729406038844249816e+00
2.212189514718536199e+00,3.648574089401930287e-01,1.728417817065418971e+00
2.214259931819853033e+00,3.630205862115811755e-01,1.727291592609408122e+00
2.216664560404280948e+00,3.599054033092720650e-01,1.726286409210179729e+00
2.218607332049669978e+00,3.578123622720246200e-01,1.725790790477721437e+00
2.220174410352251382e+00,3.557994651698968558e-01,1.724819056551019747e+00
2.222163592392401466e+00,3.537642575723554117e-01,1.723725702155721962e+00
2.224150310545728981e+00,3.513968379944480969e-01,1.722536401233979220e+00
2.226150941604670752e+00,3.496325830833228454e-01,1.720968654399472442e+00
2.229191141668029008e+00,3.472505176522005521e-01,1.719592773079352099e+00
2.233036665174430002e+00,3.450780247695483527e-01,1.718082486235177120e+00
2.236633130672366132e+00,3.428117971226571359e-01,1.716700129794390683e+00
2.238942231260407478e+00,3.420894905603593106e-01,1.715861775317908622e+00
2.242665548624101390e+00,3.409769730940829802e-01,1.714321746692358595e+00
2.246579364314997829e+00,3.392295270693985176e-01,1.712898542418946901e+00
2.249076662473567634e+00,3.372398405895429274e-01,1.712493661967115832e+00
2.252109276100954904e+00,3.361320379939266023e-01,1.711172203628952948e+00
2.256042080262929961e+00,3.343865121197888701e-01,1.709298401807224588e+00
2.259422981459583646e+00,3.347659357340376229e-01,1.707416800971290227e+00
2.263104908339558019e+00,3.331189953346557764e-01,1.705440186893800059e+00
2.266346326131532862e+00,3.319155466793803355e-01,1.705451232302342746e+00
2.275125167618693212e+00,3.292496703631893618e-01,1.702471089884211253e+00
2.277019448776950838e+00,3.282104641650196442e-01,1.703848469922139897e+00
2.272396199072900469e+00,3.248658654071983620e-01,1.702026839903552746e+00
2.270358559580892166e+00,3.218150895795370281e-01,1.702872244150729353e+00
2.276145212429662834e+00,3.156151262421896253e-01,1.702355006468295961e+00
2.284024393994654289e+00,3.122105103616919508e-01,1.703105137006886594e+00
2.285084611338698224e+00,3.073851648052350893e-01,1.702131006724505680e+00
2.286984787451401768e+00,3.034108303468983636e-01,1.701066111386948521e+00
2.289442932115201668e+00,3.013366038048765905e-01,1.699091246500514352e+00
2.292527475441863860e+00,3.000994076185976578e-01,1.698100511584928141e+00
2.288108226851027993e+00,3.012554318731865410e-01,1.697912483087874902e+00
2.286192941953216984e+00,3.012261896281044904e-01,1.696185982854224505e+00
2.282839772184706462e+00,2.993084706923275218e-01,1.694972995224240719e+00
2.282177758286633384e+00,2.971525606062959679e-01,1.693337698563258220e+00
2.282091622900189520e+00,2.941045803373281142e-01,1.690313594870832103e+00
2.282713433463456898e+00,2.919093991442772151e-01,1.687809773856280948e+00
2.283829082297258228e+00,2.901787884030399556e-01,1.686430419785852175e+00
2.285442590362141591e+00,2.884425291972932404e-01,1.685061403645936151e+00
2.286445737026496783e+00,2.863197149100568661e-01,1.683284492495549678e+00
2.288393083244107284e+00,2.842327615631923265e-01,1.681907349778144045e+00
2.290098955715869966e+00,2.826991924118338884e-01,1.680305785948502217e+00
2.293583106917929548e+00,2.799821549049943403e-01,1.678152881454567202e+00
2.296090870850445498e+00,2.785840586580139999e-01,1.676561470519823294e+00
2.298642990081225079e+00,2.759842406454811048e-01,1.675003613542840997e+00
2.302523238180440135e+00,2.737481443197764541e-01,1.673500816320963480e+00
2.306243613269602921e+00,2.712661031716891435e-01,1.672336523921540419e+00
2.310028648760480419e+00,2.697889231505058993e-01,1.670489790032573696e+00
2.314144956111106932e+00,2.667455806690854359e-01,1.669144493753730751e+00
2.318026371294255483e+00,2.639333875748016145e-01,1.667335428207523229e+00
2.325293281524948075e+00,2.573072872982143933e-01,1.671626712132098014e+00
2.327956282511169928e+00,2.579106170757970440e-01,1.664506303739258897e+00
2.341191854135848072e+00,2.549847696565453736e-01,1.656180249130021709e+00
2.347432322208125921e+00,2.489164017299302090e-01,1.658265795121958375e+00
2.352416851747519910e+00,2.452063067127889795e-01,1.657270401097141743e+00
2.351388462047550476e+00,2.397338655215506265e-01,1.659337349509946824e+00
2.355334967134055990e+00,2.366961714906975212e-01,1.658311441012957133e+00
2.359912398721721871e+00,2.323373272155866698e-01,1.657737902687573595e+00
2.366021379601507046e+00,2.303501769093511120e-01,1.654586490893363404e+00
2.368282735160833763e+00,2.246605126253441720e-01,1.654670151106706788e+00
2.369996425374598203e+00,2.203138657189378513e-01,1.654108758449775785e+00
2.284180607614789693e+00,1.890991323703544724e-02,1.383267390032973942e+00
2.378003289349390759e+00,2.175977457020947525e-01,1.651623512167076369e+00
2.380190551968762946e+00,2.164207854858440916e-01,1.650125173097198861e+00
2.383678843585978591e+00,2.141966534779323750e-01,1.647419833994710148e+00
2.409863092827469355e+00,2.064955372302813286e-01,1.623050674294571172e+00
2.409813829389959583e+00,1.997784090587048089e-01,1.623104676006234648e+00
2.398731027927845982e+00,1.990261261275937388e-01,1.635681750013495028e+00
2.396990365961123803e+00,1.947050613811438236e-01,1.638714033635299216e+00
2.409461864742479253e+00,1.923304819210422956e-01,1.626302682645650144e+00
2.411987305633795042e+00,1.894323283093869437e-01,1.623902129668169936e+00
2.414700791569851290e+00,1.863545785157505741e-01,1.620561237037273061e+00
2.417312489698281830e+00,1.836281669682779116e-01,1.615997276931763649e+00
2.417057967460010115e+00,1.785477773288305092e-01,1.615241805403773823e+00
2.419126098517629941e+00,1.765931545844357797e-01,1.614617943100248754e+00
2.404016838626874986e+00,1.775422934086009208e-01,1.630362971089846624e+00
2.399118108316498965e+00,1.771582957275388004e-01,1.637652075810720254e+00
2.396864415059117182e+00,1.739136118380094354e-01,1.638171276640197460e+00
2.396427031505948602e+00,1.706057731466480154e-01,1.637644424690140044e+00
2.395098773161883798e+00,1.697451759905579116e-01,1.637901155369593020e+00
2.394830175358148683e+00,1.685276433541443575e-01,1.637251903122666663e+00
2.393530065198436141e+00,1.687114679309969778e-01,1.637790977089619071e+00
2.392052305808685109e+00,1.678892780890780811e-01,1.638362729232721193e+00
2.391651647015882620e+00,1.668498941499372279e-01,1.638533308701816127e+00
2.389540853126352449e+00,1.661970821301830270e-01,1.638113465500563137e+00
2.387485617721536002e+00,1.659980348682039697e-01,1.639266969502051197e+00
2.387585938650016448e+00,1.650111205259987279e-01,1.640391136615027001e+00
2.386222730544890425e+00,1.633180203435632138e-01,1.640346709044275597e+00
2.385142756098774353e+00,1.616362076745088139e-01,1.641054124221927202e+00
2.882010574722176255e+00,3.967598023462143852e-01,1.861900100000528857e+00
2.880409737007753268e+00,3.949383156722253707e-01,1.862653470594921146e+00
2.875950795564957918e+00,3.957336244098539901e-01,1.863099527689286550e+00
2.873262870528862756e+00,3.929961297660934383e-01,1.862352166729867031e+00
2.869961243802253037e+00,3.918770583162845544e-01,1.862197303855065433e+00
2.865734888690810944e+00,3.923101431737213707e-01,1.863062923911009472e+00
2.862162629969014382e+00,3.904067041889776046e-01,1.861151988396357426e+00
2.859406539553518201e+00,3.891800807339231283e-01,1.861418442538554485e+00
2.363009274502492651e+00,1.580008625206836548e-01,1.637766792255258563e+00
2.359849528770578519e+00,1.590189023759010223e-01,1.635367599331661204e+00
2.357121537954407930e+00,1.615274518709965967e-01,1.634702349699529433e+00
2.353750235810662339e+00,1.629701051166674575e-01,1.634619603679387190e+00
2.349745341549431377e+00,1.645923870327100913e-01,1.634461893496483187e+00
2.347786641472003666e+00,1.652036587394325184e-01,1.631794366108006100e+00
2.344505651275099467e+00,1.679618822496444785e-01,1.629298682805403686e+00
2.342501163933223385e+00,1.686769310240966713e-01,1.628570619839178280e+00
2.340922148550015347e+00,1.706662137595249262e-01,1.627937439875067449e+00
2.338073677318689203e+00,1.721193323569702172e-01,1.627862763913295652e+00
2.336267399191007232e+00,1.731647184235263204e-01,1.626727948443773775e+00
2.333579258356361041e+00,1.749651831408105540e-01,1.627328723190878179e+00
2.331702042333399394e+00,1.751695206799775972e-01,1.626747617092004772e+00
2.329944177752909074e+00,1.760910398847199687e-01,1.627271008045394263e+00
2.327551781066179881e+00,1.785988494140144933e-01,1.626918411367573869e+00
2.325846774755085278e+00,1.791661262781319708e-01,1.627076090281983189e+00
2.322922873542777378e+00,1.810677004549048619e-01,1.626821122291626009e+00
2.321298415029886097e+00,1.814589533985750125e-01,1.626426501381061485e+00
2.319168876114071853e+00,1.828183636147110436e-01,1.626493915000560397e+00
2.317251807444464351e+00,1.831233055453130865e-01,1.626184476396974832e+00
2.316267567182258347e+00,1.830943789522595788e-01,1.625650655355199703e+00
2.314283235832084173e+00,1.827016483645315104e-01,1.625411510301066231e+00
2.312889602696865499e+00,1.827869036639260258e-01,1.624409929225538951e+00
2.311793452307793206e+00,1.831822629885211384e-01,1.623897046715698123e+00
2.309840460181348920e+00,1.825365090963253778e-01,1.623555301799751716e+00
2.309912274638824758e+00,1.805036829745296778e-01,1.621792811478481866e+00
2.308867961350229869e+00,1.797649451893682804e-01,1.620762533738846267e+00
2.307807926451816094e+00,1.781332444844593577e-01,1.619840593025782871e+00
2.307840892455584214e+00,1.778827109153211516e-01,1.618558823654342893e+00
2.306482035526506991e+00,1.761537327241812501e-01,1.618430294992747376e+00
2.305906531223644418e+00,1.742810163147689162e-01,1.617652290485936062e+00
2.304380063931862566e+00,1.735975533020877315e-01,1.616803686854830557e+00
2.304695078996614743e+00,1.701611862501785366e-01,1.614957596667914608e+00
2.304562427926632129e+00,1.675510749485129569e-01,1.613411993712848158e+00
2.305502092047320151e+00,1.638020507020079009e-01,1.611079674704732234e+00
2.305751738479397073e+00,1.596615644517549726e-01,1.609111363947279827e+00
2.307102966196612925e+00,1.541572577140372935e-01,1.606083472400338330e+00
2.309514465306319320e+00,1.483749969179580519e-01,1.603739134586933623e+00
2.313690956728384762e+00,1.416798516203612301e-01,1.598248816471079303e+00
2.319161080349092519e+00,1.317727838804750584e-01,1.593001483591329537e+00
2.329914284992314677e+00,1.213817601932272866e-01,1.582453709937686526e+00
2.341581013401244693e+00,1.073342861609823395e-01,1.573340475747951217e+00
2.351532418281026882e+00,9.312329426225664231e-02,1.565572026915240444e+00
2.202117537970629257e+00,-1.296606493034505037e-01,1.324395667525879228e+00
-1.720493891041389611e+00,6.866427622935532549e-01,1.670024709670586693e+00
2.283074585901125053e-01,9.561893495586041292e-01,1.773562503183967243e+00
2.402673700671391355e-01,9.516933594191514523e-01,1.776493918297868291e+00
2.530915464627028766e-01,9.510575904381076695e-01,1.782912420345368121e+00
2.616950614724519175e-01,9.467878658511201806e-01,1.788481724627196012e+00
2.710699555869582333e-01,9.448002641815762548e-01,1.795192037824195008e+00
2.784779338413470029e-01,9.429209330238683684e-01,1.800756461729539737e+00
2.847590166382711896e-01,9.400557980349198983e-01,1.806335937666481817e+00
2.901259654121957077e-01,9.386585773733500115e-01,1.812343952980919104e+00
2.942247010688115449e-01,9.350267440009285558e-01,1.817049398693255657e+00
2.984501395247535216e-01,9.356862566306164419e-01,1.823272150927306656e+00
3.031482184858330653e-01,9.358105867070981576e-01,1.827934558050111624e+00
3.066452040030182014e-01,9.361414712210035516e-01,1.831940468150550227e+00
3.087001030629829001e-01,9.345685982276996651e-01,1.836161534587716471e+00
3.103666863203495274e-01,9.314394413555878716e-01,1.839892785399034336e+00
3.110707994412358346e-01,9.285066191556717863e-01,1.842925238302537405e+00
3.114758610347050372e-01,9.267735529707221698e-01,1.846746464228820717e+00
3.118584131884217792e-01,9.248282967583100200e-01,1.850741214521651301e+00
3.139104317715079584e-01,9.272589612877301102e-01,1.852901977906995512e+00
3.154551394430056277e-01,9.289568749608603238e-01,1.854625726987074508e+00
3.151443404961978834e-01,9.287883588613831121e-01,1.856441907360375287e+00
3.152210309735247185e-01,9.284417994359730475e-01,1.857686411666120696e+00
3.144904218012020136e-01,9.283966674309662714e-01,1.860005034563945170e+00
3.141872020392146858e-01,9.285367213066240133e-01,1.862155632077326484e+00
3.138417799829599786e-01,9.293765792304788942e-01,1.864300134938620346e+00
3.127009776536112673e-01,9.296346491357769803e-01,1.865390448077354435e+00
3.117227484866798015e-01,9.306507258726306464e-01,1.867050396807198087e+00
3.102502113292427977e-01,9.315205978054194036e-01,1.868287472908288782e+00
3.079577413372456829e-01,9.325718302776987434e-01,1.870445881816861000e+00
3.061422030386408144e-01,9.333117050512392820e-01,1.872072665050541485e+00
3.050245055297232111e-01,9.352124203514399214e-01,1.874506751040979635e+00
3.032328030667384988e-01,9.364080034497993532e-01,1.875118504404918340e+00
3.012158799968893685e-01,9.376872249276057003e-01,1.876423275083528797e+00
2.996411110731845850e-01,9.388367204848218073e-01,1.877513709996899038e+00
2.977307378358720058e-01,9.384768005748485020e-01,1.877911835576758559e+00
2.955157358651196442e-01,9.382955732071993626e-01,1.878474584257693980e+00
2.931170246088868891e-01,9.400495003645523706e-01,1.878676353736448146e+00
2.922853710015136941e-01,9.442715713536004030e-01,1.878207186062241796e+00
2.904693056412214758e-01,9.461089285765751367e-01,1.878370761134413591e+00
2.890999216493623791e-01,9.471664196566846883e-01,1.878025203164183088e+00
2.874497470514371100e-01,9.487838259231519134e-01,1.877923800723308112e+00
2.868991914709317914e-01,9.503203644503864789e-01,1.876840733161964536e+00
2.855517673333485273e-01,9.510537454101946064e-01,1.875908869297028714e+00
2.847633364768359376e-01,9.512745282749298648e-01,1.875247373766026238e+00
2.845867917303535055e-01,9.506403323995982202e-01,1.872640771580470265e+00
2.848499153342006207e-01,9.503530779285198626e-01,1.870820529491146411e+00
2.845846720909955274e-01,9.483609651507711735e-01,1.868219282772169976e+00
2.841039044293081073e-01,9.457818906722637031e-01,1.864878523174844815e+00
2.844868436605584305e-01,9.447100283417828592e-01,1.859923421030663881e+00
2.848947229756063626e-01,9.432526461353669678e-01,1.853634085005542609e+00
2.841055343069583961e-01,9.411333483929559263e-01,1.847321072441189926e+00
2.834207684729531662e-01,9.384487552913373110e-01,1.839739045942462514e+00
2.815343981389425987e-01,9.339910283711923000e-01,1.830631381149259163e+00
2.771111337169592792e-01,9.269186186296021202e-01,1.818086279291522445e+00
2.738435643878266990e-01,9.250019570039827999e-01,1.805491357350565096e+00
2.678825890491971506e-01,9.216021478412879109e-01,1.791580552567634932e+00
2.573871652112877939e-01,9.156927415754770871e-01,1.774127150332879044e+00
3.502035171397866797e+00,2.517158807943705723e-01,1.593938467315546337e+00
1.494656505370909105e+00,1.480636447693869928e-01,2.230599225204798586e+00
3.441844994188790974e+00,4.380264027981109476e-01,1.822268162979434836e+00
1.516405152568405912e+00,2.580867911315577468e-01,2.266528647035942701e+00
1.526136111800977080e+00,2.553752124027602322e-01,2.262678179590915661e+00
1.535861431361654317e+00,2.548315783323992223e-01,2.259459102239431250e+00
1.544291695829409061e+00,2.596627343293793633e-01,2.256136985634595415e+00
1.553124167717874426e+00,2.560599845904487637e-01,2.253364163850932300e+00
1.543880585257071836e+00,-7.859870166574042241e-04,1.920246165100362168e+00
3.246542342382488400e+00,5.389692089184623391e-01,1.862371754986673400e+00
1.581859860868688905e+00,2.642155824616853055e-01,2.242412214226196632e+00
1.586438527606492732e+00,2.657605129812706801e-01,2.240975342275849158e+00
1.577244878541088413e+00,2.490253255633752619e-02,1.912822531173935303e+00
1.583263050433840080e+00,3.281412290887832789e-02,1.911983923676698005e+00
1.588629815869999407e+00,3.783401766926428739e-02,1.911124290175449048e+00
1.599849210124029364e+00,4.500665569917603609e-02,1.906603243695990768e+00
3.299087666195671620e+00,5.259467514345043115e-01,1.593982490892558168e+00
3.287343325580946107e+00,5.345561969879625286e-01,1.594788728807890577e+00
1.612379002016938179e+00,6.041207740432830153e-02,1.907014588481998674e+00
2.576405873985352368e+00,3.169692796816933611e-01,1.684557569933621268e+00
2.577338213357375007e+00,3.249984292054124424e-01,1.682291387881627243e+00
1.630109211198178087e+00,7.823461840888083774e-02,1.902658547759022101e+00
1.631393810465296967e+00,7.871206366088485951e-02,1.903448711061786147e+00
1.638824133656533233e+00,7.967758414745197693e-02,1.900863362344364482e+00
1.640031350264421484e+00,8.583914667614421512e-02,1.901595126270126501e+00
1.641746129373521823e+00,9.136375925650173924e-02,1.902483267467822925e+00
2.492091149460211152e+00,3.554288836654062034e-01,1.705664524150103389e+00
3.132235077661350342e+00,5.809072933313380593e-01,1.624279515476142910e+00
3.146714252773046283e+00,6.085021902671494676e-01,1.611724069318070329e+00
2.373053368461372603e+00,1.458875357238849646e-01,1.431592953875558738e+00
2.370762027625365143e+00,1.588373291986300284e-01,1.429857988546877845e+00
2.346361325563388167e+00,1.667085886918105997e-01,1.441069582498115675e+00
2.352237325485781128e+00,1.792743076019983062e-01,1.447450404769652810e+00
2.435335963691654282e+00,3.815674029380464738e-01,1.706896798883663635e+00
1.677879527157203121e+00,1.270932251156508819e-01,1.884310995461324412e+00
1.683039015606175859e+00,1.308774258168645399e-01,1.882397065321657736e+00
3.065371941595051553e+00,6.209571808795826264e-01,1.619260123874903812e+00
3.033308792731564285e+00,6.019642326117323750e-01,1.633826998060307067e+00
3.023985781201123491e+00,6.072480594911293661e-01,1.632434346056095054e+00
2.390325752046666086e+00,4.037819937503293599e-01,1.707322713645954559e+00
2.377777932542357586e+00,4.089373639014808326e-01,1.708926525164192300e+00
2.371430754890341497e+00,4.134139105469280540e-01,1.708309619733410889e+00
2.365143303888024295e+00,4.173033619289537310e-01,1.708031431055697658e+00
2.358353041265447203e+00,4.200103716976396062e-01,1.708214141392308649e+00
2.352350022778055383e+00,4.233613595156442977e-01,1.708303360398706117e+00
2.347303054794493082e+00,4.270824404342107861e-01,1.708034424229345705e+00
2.340916964787394416e+00,4.294774842438593976e-01,1.709215901436627050e+00
2.336489118556031475e+00,4.312857536063743891e-01,1.709452482205639612e+00
2.331146199416771481e+00,4.353146666376919161e-01,1.708736539522654807e+00
2.326551617005312433e+00,4.383178997530293164e-01,1.708643645619029483e+00
2.323138816625587300e+00,4.409572792105154737e-01,1.708364481485502795e+00
2.317531167020667748e+00,4.439378395319431014e-01,1.709766621611448656e+00
2.314425760280554467e+00,4.464867664798068958e-01,1.709911856117660278e+00
2.310805456557146531e+00,4.487079465149055868e-01,1.710510951021786186e+00
2.307942327211412348e+00,4.507087089957752535e-01,1.710500169123659875e+00
2.303709749388801242e+00,4.532084850705276335e-01,1.711420180291186810e+00
2.301134372829734431e+00,4.546681936559027193e-01,1.711774562841522851e+00
2.297832801593580943e+00,4.559894963730150574e-01,1.712407081794279806e+00
2.293198170368647038e+00,4.579405540714814316e-01,1.713548902592211931e+00
2.290503300803877984e+00,4.608119764410101293e-01,1.713473146745441156e+00
2.286683782078661853e+00,4.630833654785161957e-01,1.714148787515924255e+00
2.282989138858381839e+00,4.648388042582040636e-01,1.714976366890211601e+00
2.279796439354012438e+00,4.673189455823296701e-01,1.715117232235201072e+00
2.276637386552309295e+00,4.698442174777872071e-01,1.715602906317654330e+00
2.272801700208595843e+00,4.720294726953072062e-01,1.716212604364334426e+00
2.268912092868536678e+00,4.741931891279159150e-01,1.716854327615674691e+00
2.264845689334654910e+00,4.770518580924696384e-01,1.717372691601134704e+00
2.259843405022407214e+00,4.791971684572993162e-01,1.718495643924433436e+00
2.255515012122373708e+00,4.809609450809319564e-01,1.719448432193478427e+00
2.251550229540498549e+00,4.833846554834846931e-01,1.719968281736227844e+00
2.255489693240512850e+00,4.832857532567569336e-01,1.719338884088300157e+00
1.716497881527400793e+00,2.103598154451919722e-01,1.880834467883263805e+00
1.716036557991473588e+00,2.123659445478336127e-01,1.881187593199038277e+00
2.232443862359871023e+00,4.911777556153728574e-01,1.722521560967653187e+00
2.224151589817955799e+00,4.944996211200058944e-01,1.724471188455917847e+00
2.218020292706157637e+00,4.979090032280336087e-01,1.725104249573791604e+00
2.212968704871516312e+00,4.999190086889414020e-01,1.726604753984360530e+00
2.208574647481280184e+00,5.035824631116031513e-01,1.727407068174032334e+00
2.205559471497321677e+00,5.056130723357131762e-01,1.727749731406651224e+00
2.201537833007924938e+00,5.092183872435873671e-01,1.728325590962417335e+00
2.196298911200623483e+00,5.116865427178208803e-01,1.730010939381188662e+00
2.192819725923498275e+00,5.144480603787515705e-01,1.731056955504643780e+00
2.187792174783989907e+00,5.172468164285309866e-01,1.732129955571932500e+00
2.182300291571946715e+00,5.215134702789603338e-01,1.733543675711706866e+00
2.178496649915942829e+00,5.252473718761135890e-01,1.733937751024409613e+00
2.173995227611321024e+00,5.297371273166475714e-01,1.734879788251199484e+00
2.169751955867468052e+00,5.339091561713931178e-01,1.735915701224322261e+00
2.167022494453187065e+00,5.371170259078109632e-01,1.736783333618719061e+00
2.164125930772642370e+00,5.405639633545172851e-01,1.737550005726925084e+00
2.162460548473032595e+00,5.450903452504708424e-01,1.737759992507696971e+00
2.159092157374787213e+00,5.493983832527611355e-01,1.738837723962007198e+00
2.157946503723749743e+00,5.532375742354952441e-01,1.738411611753771568e+00
2.156162987608104764e+00,5.578258244485083672e-01,1.738660387016118358e+00
2.153595273501577534e+00,5.614268769839226847e-01,1.740023376267473942e+00
2.152233085161185944e+00,5.660492438456089515e-01,1.740143027470057335e+00
1.718738918681077976e+00,2.681621632208506800e-01,1.897835778329751477e+00
2.148874501632225265e+00,5.741044199958619254e-01,1.741125140945124938e+00
1.718002729088073499e+00,2.717844572850697249e-01,1.898744836103136935e+00
1.721345238620215712e+00,2.705616707374535190e-01,1.896629978087472246e+00
2.152231250561502218e+00,6.037548797296969916e-01,1.733522865790945611e+00
2.158592582391538173e+00,6.145027903408971648e-01,1.730946063699468240e+00
1.715630101504727945e+00,2.761921523471429496e-01,1.903112561343850428e+00
1.716023715153862428e+00,2.808641005325306361e-01,1.904670095369444871e+00
2.140225654576744407e+00,4.739815863454821532e-01,1.486520724819596850e+00
2.136711595252855922e+00,4.825073926577988503e-01,1.486859189001772386e+00
2.136816902940397611e+00,4.888801484478948467e-01,1.485118238932993773e+00
2.146583658013504703e+00,4.954679480852429152e-01,1.481087005745483243e+00
2.140311652647048923e+00,5.055002849580743085e-01,1.483282663188012496e+00
2.136435510852086050e+00,5.130176721859081024e-01,1.483309591707188568e+00
2.130579298329795979e+00,5.178627883868325288e-01,1.486357906957529673e+00
2.131541415441869258e+00,5.244680666079899467e-01,1.485438726327556802e+00
2.127500097373686394e+00,5.298130178019599956e-01,1.486475572448807680e+00
2.125544662563980669e+00,5.356186440566550466e-01,1.487233699844368040e+00
2.122518069916236705e+00,5.425393540860228292e-01,1.488645079616649713e+00
2.120382166841259686e+00,5.478906315209760569e-01,1.489435606308284310e+00
2.117460265042978573e+00,5.509399986037235575e-01,1.490721656460884725e+00
2.113210451262588663e+00,5.573334384053647561e-01,1.492261818104332782e+00
2.111149913731938277e+00,5.633801457183604811e-01,1.493490474201832008e+00
2.109226750747243528e+00,5.676686207977987841e-01,1.493826875703123225e+00
2.106949119864284903e+00,5.720845479376280851e-01,1.494832697239755870e+00
2.110878012839213724e+00,5.778521038283823685e-01,1.493412824873103339e+00
2.105262862820571179e+00,5.812930991937343972e-01,1.495305538223951292e+00
2.104025856651837056e+00,5.844835659494318492e-01,1.495571113222894155e+00
2.097530787048576428e+00,5.835824167139509466e-01,1.499730434774927179e+00
2.096839063401670256e+00,5.855963516818243342e-01,1.500495241801391044e+00
2.094994439836638467e+00,5.893061956409499924e-01,1.500718547068751629e+00
2.093798529855432022e+00,5.918557617273056959e-01,1.501094813658563343e+00
2.092044280699115966e+00,5.948815110455560884e-01,1.500990425013263518e+00
2.091123805974981487e+00,5.969264885144941468e-01,1.501124979319555131e+00
2.090813398163407388e+00,5.991808710262476190e-01,1.501027682675482033e+00
2.092121771400542229e+00,6.012858198501958018e-01,1.500077490129414937e+00
2.091137514735411429e+00,6.030810953958350984e-01,1.500350976825410854e+00
2.090050020942523901e+00,6.041973249324292805e-01,1.500333869527283648e+00
2.088671866889363571e+00,6.054049586121125204e-01,1.500437547313693720e+00
2.086874901340562527e+00,6.063242261334285121e-01,1.500469976983280995e+00
2.086233533052343603e+00,6.073210849965062774e-01,1.499904883470037475e+00
2.085719715455490064e+00,6.077704123002116710e-01,1.499887857513196199e+00
2.085257450022644843e+00,6.083312983580375644e-01,1.499656672509588784e+00
2.084205778732782122e+00,6.083176275829679236e-01,1.499444767227643194e+00
2.083100539442431565e+00,6.082478494105274525e-01,1.498329826635809603e+00
2.083379225634260035e+00,6.085777659479369994e-01,1.497945680691623593e+00
2.081865602404788351e+00,6.077276954916518426e-01,1.497736013368177854e+00
2.080681958846123614e+00,6.079438591119377122e-01,1.497568125724654031e+00
2.079502661200724134e+00,6.073763414775177338e-01,1.497638417848880632e+00
2.078490110786606060e+00,6.079735974008318999e-01,1.496897834362912683e+00
2.077208229014222418e+00,6.081107448845979313e-01,1.496981673319056405e+00
2.076096620477395405e+00,6.080107257557731959e-01,1.496870906011311675e+00
2.073844595240647237e+00,6.094369902668177463e-01,1.497366059959370110e+00
2.072575708313335596e+00,6.108335359745858950e-01,1.497437415275830741e+00
2.070300937303531263e+00,6.128242553354513733e-01,1.497657354129355411e+00
2.068212201672840145e+00,6.152810449232677392e-01,1.498296691798249203e+00
2.066852467391059545e+00,6.187665441924657950e-01,1.498337998436593654e+00
2.064283927271307384e+00,6.224879091453374702e-01,1.499115028753365220e+00
2.061880145974751777e+00,6.272189590971591899e-01,1.499589726033269343e+00
2.058059106368890223e+00,6.332089567541744346e-01,1.500820862682616053e+00
2.054673737302151970e+00,6.397471937223734306e-01,1.502391173584145312e+00
1.723970079298051461e+00,2.894381422977478913e-01,1.318992780299462764e+00
2.056605885018501390e+00,6.563672761538775768e-01,1.500339041442247279e+00
1.741229785614831549e+00,3.142078865718730407e-01,1.321431865042513421e+00
1.206141330020080726e+00,-3.572147698825716144e-01,1.820464515399571104e+00
-1.651949121496487649e-01,1.980666468816635550e+00,-2.490035525176633457e-01
-3.851952328154236715e-01,2.168039729207674959e+00,-3.935845799652181731e-01
-1.890809222878014895e-01,1.901350079419252825e+00,-2.351664507924204339e-01
-1.975100841388243156e-01,1.870559616572487593e+00,-2.300603438679964807e-01
-2.059522572872670709e-01,1.838362646970235659e+00,-2.236751216595465885e-01
-2.130014911421193591e-01,1.812887782628500144e+00,-2.196180565802466622e-01
-2.155895912333650744e-01,1.785761641960164958e+00,-2.139635573103867705e-01
-2.196967605692240477e-01,1.762749857547152077e+00,-2.087794596058403229e-01
-2.263903658063383673e-01,1.749977925688346758e+00,-2.066625784624854800e-01
-2.282862477474468799e-01,1.717773283142445040e+00,-2.004684130634244443e-01
-2.303516101987457265e-01,1.700320361531024282e+00,-1.965942125040415489e-01
-2.340943272688248977e-01,1.677157201606750414e+00,-1.929365942639032772e-01
-2.362123870126177638e-01,1.655924091481466132e+00,-1.889551593299103327e-01
-2.360858229535365838e-01,1.639450943525975868e+00,-1.848327843866209852e-01
-2.368187078012873314e-01,1.622033343998295241e+00,-1.812425080463637705e-01
-2.376340621298731470e-01,1.606839682180517315e+00,-1.777731440286320352e-01
5.579859647420994939e-01,8.444231668203519003e-01,1.227918659682662172e-01
5.541616992879321302e-01,8.434969954379502033e-01,1.216427521948401924e-01
5.527788103204436254e-01,8.447258389417667823e-01,1.212369583816284568e-01
5.501841572251072732e-01,8.440257943862403689e-01,1.205962327191510419e-01
5.480270414899381937e-01,8.445388001170550663e-01,1.196803145233731047e-01
5.465739320013789371e-01,8.451629809206688826e-01,1.193065618966487884e-01
5.452997004217349231e-01,8.463250924632257366e-01,1.185686372289418422e-01
5.430401484231919262e-01,8.470218227088279761e-01,1.175335705522706498e-01
5.421947161838610585e-01,8.472214956096209004e-01,1.173414821580993916e-01
5.416123090473703439e-01,8.474643719164801636e-01,1.173187325933287561e-01
5.406043728514310365e-01,8.467290272540481944e-01,1.172522884728845471e-01
5.400219234417296121e-01,8.474485289232531748e-01,1.168608554836929880e-01
5.394981798092600700e-01,8.477493490816268018e-01,1.169753565931851980e-01
5.386125149278023772e-01,8.485124544633715349e-01,1.164662148778457251e-01
5.383185467133525526e-01,8.484297800340276918e-01,1.165286750654522807e-01
5.371909000488501729e-01,8.484398030060752438e-01,1.162777363739124215e-01
5.375859882501585751e-01,8.491752520924755743e-01,1.163315281750687824e-01
5.370318542512744209e-01,8.492003421344286318e-01,1.164545764177837839e-01
5.367811583760565552e-01,8.495093745656718820e-01,1.162889726873565788e-01
5.361488059319108324e-01,8.497196113007376983e-01,1.161047260904558287e-01
5.367610340790773815e-01,8.501843648568678802e-01,1.164247044592113811e-01
5.369363718798758622e-01,8.514316796994628733e-01,1.158647417198878926e-01
5.356505108193547748e-01,8.505273826009343008e-01,1.162144783086991318e-01
5.356840002413331137e-01,8.508363454636409529e-01,1.162319504646724400e-01
5.358262021469168968e-01,8.509107128652413365e-01,1.164196522042076631e-01
5.354402205730965925e-01,8.513148775481351738e-01,1.163396108705802845e-01
5.358383382842351050e-01,8.520677430343783776e-01,1.165552274928446097e-01
5.351458386432463854e-01,8.521585557639137498e-01,1.162937560420597982e-01
5.352461238967445301e-01,8.522935495653235494e-01,1.163766555567507244e-01
5.342587979607554827e-01,8.524898102922429111e-01,1.159762940657035613e-01
5.338322790138098073e-01,8.521640842964561813e-01,1.161169833694109810e-01
5.336481875884584447e-01,8.521942245661727755e-01,1.161220992919086981e-01
5.332577782610733452e-01,8.526525542026053284e-01,1.159538103888356764e-01
5.326683990053879825e-01,8.524828515292437459e-01,1.158719891925051315e-01
5.316977886779696849e-01,8.519503860367144688e-01,1.159303556506166288e-01
5.319918603433464455e-01,8.521638053356213049e-01,1.158232999260745688e-01
5.308236222514060021e-01,8.528233534750566669e-01,1.149576992076580262e-01
5.299277784992615370e-01,8.528774494038759979e-01,1.147403363592996439e-01
5.295023373180922643e-01,8.518499887357275924e-01,1.148734828881384507e-01
5.285849777689649587e-01,8.520260274196328476e-01,1.146394900578518727e-01
5.279924377425535553e-01,8.522010016071097649e-01,1.143205244152617484e-01
5.281172803052809339e-01,8.521017226266862643e-01,1.144153370284352045e-01
5.268882588759936647e-01,8.520268057258704175e-01,1.136088866258712915e-01
5.254257687788064235e-01,8.516142691000184728e-01,1.132040943313592229e-01
5.252065982968051605e-01,8.506967900596368315e-01,1.133378926662296782e-01
5.231560366545531249e-01,8.501451025398443218e-01,1.123735230668444218e-01
5.240894379875992160e-01,8.491753120547662625e-01,1.132682662076834046e-01
5.225374807564311386e-01,8.490295405750658553e-01,1.124034016676012382e-01
5.258593258958288441e-01,8.521607947156709661e-01,1.132081145859830662e-01
5.248205902109128740e-01,8.515263178873808680e-01,1.132359913458774736e-01
5.233154688477400507e-01,8.505540110789420183e-01,1.120807683648874509e-01
5.231737770639290908e-01,8.525467010715036542e-01,1.114010515202411844e-01
1.399794231295372393e+00,8.077804962353818397e-02,4.114161280733442116e-01
1.416425712173695839e+00,9.683023466740403595e-02,4.078565175451495106e-01
1.435065072046461498e+00,1.125022449722841711e-01,4.060184387846557108e-01
1.449484076613564820e+00,1.284423023075955128e-01,4.027504770938453715e-01
-6.337072275692852141e-01,9.339264494442093278e-01,2.690279955293151115e-02
-6.451693283268078449e-01,9.381791928376898015e-01,2.487886947714479380e-02
-6.579940061159634812e-01,9.442673246892820949e-01,2.247201594152631321e-02
-6.639431563575792783e-01,9.484366887188150352e-01,2.180930855053903050e-02
-6.716912480477705838e-01,9.484243615517700121e-01,2.070091466336193564e-02
-9.468471147114931874e-02,8.161850744842680250e-01,6.013581271623888447e-02
-6.850158124771528190e-01,9.488866616255501318e-01,2.199896537552281650e-02
-6.964237563703781220e-01,9.519703894161121172e-01,2.049063899207359540e-02
-7.084226130246240594e-01,9.535909158335833524e-01,2.000238525516928600e-02
-7.173683419164893493e-01,9.582512446414753748e-01,1.918236991482391574e-02
-7.261107362434697787e-01,9.600248006563371073e-01,1.804667725814229629e-02
-7.289722382503873721e-01,9.598186277274972644e-01,1.897158821671296458e-02
-7.331357216377702990e-01,9.630885701970047785e-01,1.880188305952157357e-02
-7.381158556745057719e-01,9.640385942104158223e-01,1.805941219787088325e-02
-7.418208152596301730e-01,9.677111963916912307e-01,1.646049186625075933e-02
-7.429623492584203071e-01,9.726822573120788018e-01,1.507733230347152453e-02
-7.454531485169570981e-01,9.760600947028089669e-01,1.474020612754556314e-02
-7.499580555228551049e-01,9.795817273926665791e-01,1.411648150626082510e-02
-7.537476527965041306e-01,9.800206107028149871e-01,1.446075444304867341e-02
-7.566329154880917507e-01,9.832218050754769623e-01,1.399345450841399385e-02
-7.611170321200038114e-01,9.863493216410518238e-01,1.323741619509566370e-02
-7.653279412926767833e-01,9.888486472553316142e-01,1.244954091655414707e-02
-1.294536417678004980e-01,7.523673151741486764e-01,5.548238256958218373e-02
1.357602952182832556e+00,1.548650923802754598e-01,3.235523943858628071e-01
1.358869590615123801e+00,1.514223264057568130e-01,3.235666931196822249e-01
1.359380176404424878e+00,1.480290062404658324e-01,3.232410209558101988e-01
1.359873347815614641e+00,1.446479669562618087e-01,3.237563929510230420e-01
1.360502347844130488e+00,1.416043151330010907e-01,3.235705268135941060e-01
-1.412656647019922274e-01,7.433443913111048573e-01,5.481712127768578746e-02
1.360497066146827860e+00,1.363813608692354129e-01,3.235395045179808027e-01
1.360198056232901020e+00,1.338648051422594021e-01,3.236075893702696771e-01
-1.462320009252339736e-01,7.416543199015935839e-01,5.476354728110222059e-02
-1.475340265011206853e-01,7.417402380432274178e-01,5.470628391406934243e-02
-1.490580113721997890e-01,7.422150374559774999e-01,5.474297482193205000e-02
-1.504807195097573325e-01,7.407794966381714419e-01,5.503872779213137001e-02
1.359152979333412503e+00,1.231477668809822790e-01,3.235847075692834807e-01
1.358829048666871486e+00,1.221843025491508028e-01,3.230497294006842712e-01
1.357121651119278072e+00,1.240602070962722459e-01,3.203443981635534232e-01
4.842339872621885810e-01,4.563936946826820940e-01,9.945759801330505967e-02
-1.544970483269543227e-01,7.387927163409928610e-01,5.636248156291140399e-02
4.819144115742366452e-01,4.514625547110284742e-01,9.902323992078837511e-02
4.808298995750774907e-01,4.493480424849949362e-01,9.918379740312782689e-02
4.795402356353810625e-01,4.472629138744603772e-01,9.894455588543465963e-02
4.785161932626001424e-01,4.453642156198959201e-01,9.881808156354537909e-02
4.771515967952660864e-01,4.433732967213953602e-01,9.863433371402602345e-02
4.757248787201962537e-01,4.414663205919280298e-01,9.837914589215762673e-02
4.747281302072364206e-01,4.400780619647571834e-01,9.850029412109334581e-02
4.729941015811391924e-01,4.389634593949474084e-01,9.866173977406578199e-02
4.720024785890363783e-01,4.375174856490808839e-01,9.812697928981123363e-02
4.702016766438293360e-01,4.367894630823778712e-01,9.830959088286250758e-02
4.691817216346041430e-01,4.361680050188313507e-01,9.843184366330937074e-02
4.675886953486846909e-01,4.351334585015190770e-01,9.812171824691534594e-02
4.664998876267364980e-01,4.344191033917218503e-01,9.803766833191113195e-02
4.655360105480662591e-01,4.336590825999512289e-01,9.826201426297348496e-02
4.641486019640838623e-01,4.331577431222132235e-01,9.822656749972435986e-02
4.631295970582335886e-01,4.326531289543861236e-01,9.831318456599613675e-02
4.619781100536840546e-01,4.322669275807126121e-01,9.860037068672972138e-02
4.609624660419512909e-01,4.317356736791376770e-01,9.850862295987139472e-02
4.601326059845136651e-01,4.308655754997032794e-01,9.799908616948715956e-02
4.597243945323468695e-01,4.305339292576565446e-01,9.848443376282478567e-02
4.590787144459662628e-01,4.297396286297403556e-01,9.825874312222165896e-02
4.589556409425068484e-01,4.290278980478320348e-01,9.824171178336871257e-02
4.576051798421375549e-01,4.285836428190037406e-01,9.815028658416369289e-02
4.579045857963359167e-01,4.277424282880917250e-01,9.820554421769639442e-02
4.575807458684386653e-01,4.271519761400301984e-01,9.826443688599195703e-02
4.568291557611016129e-01,4.265966078419850538e-01,9.818560314174379355e-02
4.566700562852792911e-01,4.258046693525684434e-01,9.827976118302178543e-02
4.562906665468237644e-01,4.253699389451630619e-01,9.830779622028629205e-02
4.563456941086070917e-01,4.245837246353253436e-01,9.821777821649319007e-02
4.567490846304277374e-01,4.238931448841102290e-01,9.820893485444737170e-02
4.562797725842127061e-01,4.236715208873069738e-01,9.831437943151877246e-02
4.564960191869439354e-01,4.231701295653537143e-01,9.829911952173259193e-02
4.567846187844145645e-01,4.232872707061597906e-01,9.885224106598217153e-02
4.574058573515370485e-01,4.227876022189406280e-01,9.865792618864349661e-02
4.576000950760220620e-01,4.226149962503890078e-01,9.883583066009454798e-02
4.582250201404939882e-01,4.221859303411003017e-01,9.859855613455043022e-02
4.586064540600651163e-01,4.221076684901614584e-01,9.877068622164214551e-02
4.585901813329738563e-01,4.223644665336325765e-01,9.892344055924945367e-02
4.593614966424268142e-01,4.221427645347552993e-01,9.902592795587639163e-02
4.598285557057262274e-01,4.220133287607088501e-01,9.895668753219505342e-02
4.607440106906737221e-01,4.217882918976564310e-01,9.897310160498723475e-02
4.612708588975975577e-01,4.218406468903995732e-01,9.914531164816664521e-02
4.611949675555810924e-01,4.218396344303321222e-01,9.919614486129119113e-02
